{
  "n": 2736,
  "aggregate": {
    "bm25": {
      "top1": 0.5193713450292398,
      "mrr": 0.6705553164041804
    },
    "dense": {
      "top1": 0.48757309941520466,
      "mrr": 0.6515383434398815
    },
    "hybrid": {
      "top1": 0.5497076023391813,
      "mrr": 0.6964456481528803
    }
  },
  "mcnemar": {
    "bm25_vs_dense": {
      "n10": 644,
      "n01": 557,
      "p_value": 0.013080414060810319
    },
    "bm25_vs_hybrid": {
      "n10": 369,
      "n01": 452,
      "p_value": 0.004212164079794523
    },
    "dense_vs_hybrid": {
      "n10": 379,
      "n01": 549,
      "p_value": 2.894572872254586e-08
    }
  },
  "bootstrap_hybrid_minus_bm25": {
    "observed_diff": 0.03033625730994152,
    "ci_95": [
      0.009868421052631578,
      0.05080409356725146
    ],
    "frac_diff_le_zero": 0.0028
  },
  "per_category": {
    "First Party Collection/Use": {
      "bm25": {
        "n": 1178,
        "top1": 659,
        "rr": 842.2202852702867
      },
      "dense": {
        "n": 1178,
        "top1": 643,
        "rr": 840.0319378720701
      },
      "hybrid": {
        "n": 1178,
        "top1": 662,
        "rr": 847.7959576972754
      }
    },
    "Third Party Sharing/Collection": {
      "bm25": {
        "n": 931,
        "top1": 518,
        "rr": 670.3079115329118
      },
      "dense": {
        "n": 931,
        "top1": 361,
        "rr": 551.594190428594
      },
      "hybrid": {
        "n": 931,
        "top1": 477,
        "rr": 640.3127095127101
      }
    },
    "User Access, Edit and Deletion": {
      "bm25": {
        "n": 147,
        "top1": 75,
        "rr": 101.33749999999999
      },
      "dense": {
        "n": 147,
        "top1": 104,
        "rr": 122.26190476190474
      },
      "hybrid": {
        "n": 147,
        "top1": 103,
        "rr": 122.00000000000001
      }
    },
    "International and Specific Audiences": {
      "bm25": {
        "n": 296,
        "top1": 106,
        "rr": 125.44193573883975
      },
      "dense": {
        "n": 296,
        "top1": 161,
        "rr": 172.6713796394524
      },
      "hybrid": {
        "n": 296,
        "top1": 132,
        "rr": 151.17155037872155
      }
    },
    "Privacy contact information": {
      "bm25": {
        "n": 71,
        "top1": 27,
        "rr": 39.325274725274724
      },
      "dense": {
        "n": 71,
        "top1": 33,
        "rr": 42.84027777777777
      },
      "hybrid": {
        "n": 71,
        "top1": 41,
        "rr": 47.68727106227106
      }
    },
    "User Choice/Control": {
      "bm25": {
        "n": 352,
        "top1": 192,
        "rr": 246.8554292929293
      },
      "dense": {
        "n": 352,
        "top1": 138,
        "rr": 210.50176767676766
      },
      "hybrid": {
        "n": 352,
        "top1": 218,
        "rr": 266.5581709956711
      }
    },
    "Practice not covered": {
      "bm25": {
        "n": 31,
        "top1": 17,
        "rr": 21.916666666666664
      },
      "dense": {
        "n": 31,
        "top1": 9,
        "rr": 16.61336996336996
      },
      "hybrid": {
        "n": 31,
        "top1": 18,
        "rr": 22.62333333333333
      }
    },
    "Data Security": {
      "bm25": {
        "n": 207,
        "top1": 138,
        "rr": 165.08611111111108
      },
      "dense": {
        "n": 207,
        "top1": 156,
        "rr": 174.6330086580086
      },
      "hybrid": {
        "n": 207,
        "top1": 159,
        "rr": 176.9039682539683
      }
    },
    "Data Retention": {
      "bm25": {
        "n": 77,
        "top1": 35,
        "rr": 46.152810098398334
      },
      "dense": {
        "n": 77,
        "top1": 52,
        "rr": 60.412734487734504
      },
      "hybrid": {
        "n": 77,
        "top1": 46,
        "rr": 55.57460317460318
      }
    },
    "Introductory/Generic": {
      "bm25": {
        "n": 42,
        "top1": 23,
        "rr": 28.619047619047613
      },
      "dense": {
        "n": 42,
        "top1": 23,
        "rr": 30.238095238095237
      },
      "hybrid": {
        "n": 42,
        "top1": 24,
        "rr": 29.467857142857138
      }
    },
    "Do Not Track": {
      "bm25": {
        "n": 14,
        "top1": 4,
        "rr": 6.507575757575758
      },
      "dense": {
        "n": 14,
        "top1": 4,
        "rr": 5.95
      },
      "hybrid": {
        "n": 14,
        "top1": 4,
        "rr": 5.75
      }
    },
    "Policy Change": {
      "bm25": {
        "n": 6,
        "top1": 3,
        "rr": 3.75
      },
      "dense": {
        "n": 6,
        "top1": 4,
        "rr": 4.35
      },
      "hybrid": {
        "n": 6,
        "top1": 3,
        "rr": 3.733333333333334
      }
    }
  }
}